{"lr": 0.00997794446709763, "data_time": 0.0036653518676757813, "loss": 0.08740141177549958, "decode.loss_ce": 0.0634529517032206, "decode.acc_seg": 97.89002990722656, "aux.loss_ce": 0.02394845779053867, "aux.acc_seg": 97.89002990722656, "time": 0.15117995738983153, "step": 100}
{"aAcc": 98.1, "mIoU": 49.05, "mAcc": 50.0, "step": 100}
{"lr": 0.009955660594668054, "data_time": 0.0037293195724487304, "loss": 0.08616829253733158, "decode.loss_ce": 0.06197560431901365, "decode.acc_seg": 94.992431640625, "aux.loss_ce": 0.02419269063975662, "aux.acc_seg": 94.992431640625, "time": 0.15231969356536865, "step": 200}
{"aAcc": 98.1, "mIoU": 49.05, "mAcc": 50.0, "step": 200}
{"lr": 0.009933371122565919, "data_time": 0.0034456968307495115, "loss": 0.0679000218398869, "decode.loss_ce": 0.0489068403840065, "decode.acc_seg": 100.0, "aux.loss_ce": 0.018993181246332824, "aux.acc_seg": 100.0, "time": 0.15257856845855713, "step": 300}
{"aAcc": 98.1, "mIoU": 49.05, "mAcc": 50.0, "step": 300}
{"lr": 0.009911076035273796, "data_time": 0.0034482479095458984, "loss": 0.04715052768588066, "decode.loss_ce": 0.03253546403720975, "decode.acc_seg": 100.0, "aux.loss_ce": 0.014615063415840268, "aux.acc_seg": 100.0, "time": 0.15327038764953613, "step": 400}
{"aAcc": 98.1, "mIoU": 49.05, "mAcc": 50.0, "step": 400}
{"lr": 0.0098887753171919, "data_time": 0.0034543991088867186, "loss": 0.059354597609490155, "decode.loss_ce": 0.04173537164460868, "decode.acc_seg": 99.20622253417969, "aux.loss_ce": 0.017619226430542766, "aux.acc_seg": 99.20622253417969, "time": 0.15327301025390624, "step": 500}
{"aAcc": 98.43, "mIoU": 57.82, "mAcc": 58.62, "step": 500}
{"lr": 0.009866468952637547, "data_time": 0.0037287235260009765, "loss": 0.0893345508724451, "decode.loss_ce": 0.062376745976507664, "decode.acc_seg": 98.53028106689453, "aux.loss_ce": 0.02695780494250357, "aux.acc_seg": 98.53028106689453, "time": 0.15396811962127685, "step": 600}
{"aAcc": 98.16, "mIoU": 50.77, "mAcc": 51.69, "step": 600}
{"lr": 0.009844156925844432, "data_time": 0.0034795761108398437, "loss": 0.05884716687723994, "decode.loss_ce": 0.04283267168793827, "decode.acc_seg": 88.43670654296875, "aux.loss_ce": 0.01601449545705691, "aux.acc_seg": 87.93920135498047, "time": 0.1538468599319458, "step": 700}
{"aAcc": 98.84, "mIoU": 69.09, "mAcc": 69.83, "step": 700}
{"lr": 0.009821839220962003, "data_time": 0.003509211540222168, "loss": 0.0949975939001888, "decode.loss_ce": 0.06919432729482651, "decode.acc_seg": 85.83488464355469, "aux.loss_ce": 0.025803267140872777, "aux.acc_seg": 82.32688903808594, "time": 0.15421297550201415, "step": 800}
{"aAcc": 99.05, "mIoU": 75.66, "mAcc": 77.25, "step": 800}
