{"lr": 0.009988973054603395, "data_time": 0.6664210081100463, "loss": 0.8542801976203919, "decode.loss_ce": 0.594936054944992, "decode.acc_seg": 72.9295654296875, "aux.loss_ce": 0.25934413224458697, "aux.acc_seg": 73.15953826904297, "time": 0.8204481363296509, "step": 100}
{"aAcc": 55.34, "mIoU": 6.67, "mAcc": 10.4, "step": 100}
{"lr": 0.009977833338763812, "data_time": 0.647473931312561, "loss": 0.96516954600811, "decode.loss_ce": 0.6848134130239487, "decode.acc_seg": 68.9007339477539, "aux.loss_ce": 0.28035612106323243, "aux.acc_seg": 68.37074279785156, "time": 0.8075718641281128, "step": 200}
{"aAcc": 59.47, "mIoU": 9.61, "mAcc": 15.59, "step": 200}
{"lr": 0.009966692226882018, "data_time": 0.6699191331863403, "loss": 0.8775448948144913, "decode.loss_ce": 0.6124481469392776, "decode.acc_seg": 54.79071807861328, "aux.loss_ce": 0.2650967605412006, "aux.acc_seg": 51.89077377319336, "time": 0.8240732431411744, "step": 300}
{"aAcc": 59.29, "mIoU": 10.05, "mAcc": 15.49, "step": 300}
{"lr": 0.009955549717031104, "data_time": 0.6537562131881713, "loss": 0.8270278930664062, "decode.loss_ce": 0.5780315190553665, "decode.acc_seg": 59.53668975830078, "aux.loss_ce": 0.2489963836967945, "aux.acc_seg": 58.387393951416016, "time": 0.8095592975616455, "step": 400}
{"aAcc": 62.9, "mIoU": 12.4, "mAcc": 18.25, "step": 400}
{"lr": 0.009944405807279068, "data_time": 0.6583301305770874, "loss": 0.6777538359165192, "decode.loss_ce": 0.4655701607465744, "decode.acc_seg": 73.9100341796875, "aux.loss_ce": 0.21218366622924806, "aux.acc_seg": 71.96762084960938, "time": 0.8118569850921631, "step": 500}
{"aAcc": 64.71, "mIoU": 13.05, "mAcc": 18.43, "step": 500}
{"lr": 0.009933260495688814, "data_time": 0.6596445560455322, "loss": 0.7912994116544724, "decode.loss_ce": 0.5421667695045471, "decode.acc_seg": 71.76183319091797, "aux.loss_ce": 0.249132639169693, "aux.acc_seg": 68.86924743652344, "time": 0.8154210090637207, "step": 600}
{"aAcc": 69.57, "mIoU": 17.06, "mAcc": 21.95, "step": 600}
{"lr": 0.00992211378031814, "data_time": 0.6587238073348999, "loss": 0.6879027783870697, "decode.loss_ce": 0.4694971352815628, "decode.acc_seg": 76.6195297241211, "aux.loss_ce": 0.21840564757585526, "aux.acc_seg": 71.78624725341797, "time": 0.8100285530090332, "step": 700}
{"aAcc": 69.89, "mIoU": 20.04, "mAcc": 28.32, "step": 700}
{"lr": 0.009910965659219699, "data_time": 0.6628548383712769, "loss": 0.5891669183969498, "decode.loss_ce": 0.4061842530965805, "decode.acc_seg": 61.99955368041992, "aux.loss_ce": 0.18298266604542732, "aux.acc_seg": 64.62608337402344, "time": 0.8169508934020996, "step": 800}
{"aAcc": 70.95, "mIoU": 21.42, "mAcc": 27.25, "step": 800}
